10000100,https://img.game8.jp/3710508/ef39823691d783233161d2f67566a7d2.png/show
10000111,https://img.game8.jp/3710543/292169a2db44164c81470b49e45d9b7d.png/show
10000112,https://img.game8.jp/3710503/e5e054a4a7dc32d42ec7f82fa2d51157.png/show
10000201,https://img.game8.jp/3710459/f3b4c72e94e837a7d368b3832998019b.png/show
10000211,Stella
10000212,Stella
10000300,https://img.game8.jp/3710419/579b5af4c249631df8ada593015fe33d.png/show
10000310,Duncan
10000312,Duncan (C)
10000400,https://img.game8.jp/3710501/c295b2caf041e4989cdd8860e3908a09.png/show
10000411,Lana
10000412,Lana
10000502,https://img.game8.jp/3710347/619907b87bae021246ab55e1288725a6.png/show
10000511,Anna Marie
10000512,Anna Marie
10000601,https://img.game8.jp/3710392/8eeb76aada2c58a314312e395d6d859a.png/show
10000611,Sasha
10000612,Sasha
10000701,https://img.game8.jp/3710512/e3e1cb6026bdd1093a1953e3cd08731a.png/show
10000711,Rosalinde
10000712,Rosalinde
10000802,https://img.game8.jp/3710467/e087a2087b08a3ea188f9688bcca4c53.png/show
10000811,Boozer
10000812,Boozer
10000901,https://img.game8.jp/3710489/8f2d4cf1a0fe4747798ea826662cb81e.png/show
10000911,Bernhardt
10000912,Bernhardt
10001002,https://img.game8.jp/3710432/d9bc3ff33d1245545a0219b3cac2e889.png/show
10001011,Sandra
10001012,Sandra
10001101,https://img.game8.jp/3710461/59cf859f1a37eeda436a03302db3c6b3.png/show
10001111,Nadia
10001112,Nadia
10001200,https://img.game8.jp/3710522/943948839634c76614fb7ecde7701e6e.png/show
10001210,Phuramy
10001212,Phuramy (C)
10001302,https://img.game8.jp/3710378/acd76d16fc2a3f4dcbae4c848a227833.png/show
10001311,Amane
10001312,Amane
10001401,https://img.game8.jp/3710471/8d3cabf01d68e6c24fd02293a8de5b5e.png/show
10001411,Popo Purin
10001412,Popo Purin
10001502,https://img.game8.jp/3710482/e79e0e07a907d74d95fac213031e105e.png/show
10001511,Reiner
10001512,Reiner
10001602,https://img.game8.jp/3710371/4b61c79547b7d926fc7cc156cc833c96.png/show
10001611,Killion
10001612,Killion
10001702,https://img.game8.jp/3710356/a918cbd17b3b9d934732cddf88b5f01e.png/show
10001711,Abielle
10001712,Abielle
10001802,https://img.game8.jp/3710450/d150df7bbba92a10547094cd8457d824.png/show
10001811,Jasper
10001812,Jasper
10001902,https://img.game8.jp/3710350/c6f7320e088988d829073bd3a8b433ce.png/show
10001911,Karin
10001912,Karin
10002001,https://img.game8.jp/3710408/84b99576e34b7f49fe2b1bfcac4a62ec.png/show
10002011,Gustav
10002012,Gustav
10002101,https://img.game8.jp/3710396/534acb2197ad86d5601b7659809f9a73.png/show
10002111,Kaempfer
10002112,Kaempfer
10002201,https://img.game8.jp/3710457/573a93bec1bdcdc13d3343ab2eaf0f7d.png/show
10002211,Tyrol
10002212,Tyrol
10002302,https://img.game8.jp/3710486/9f47592cea821fbcf56c0d0e76a63718.png/show
10002311,Lycaon
10002312,Lycaon
10002401,https://img.game8.jp/3710370/f36a8155bc434846942a27ff7c7f2adf.png/show
10002411,Walter
10002412,Walter
10002501,https://img.game8.jp/3710355/cfe7388c70e041c540bc0baaa8b39f89.png/show
10002511,Emma
10002512,Emma
10002602,https://img.game8.jp/3710414/8a8178b75d1dd164e61ca38179970c41.png/show
10002611,Schenk
10002612,Schenk
10002702,https://img.game8.jp/3710521/fddfcef20c8f5c4c525a6cbdc360824a.png/show
10002711,Rachel
10002712,Rachel
10002802,https://img.game8.jp/3710470/195213e79077f3bfeeb9c9fdd52aa012.png/show
10002811,Madoc
10002812,Madoc
10002902,https://img.game8.jp/3710435/1efebd65cdf439bd1b33d2db7ab1566c.png/show
10002911,Zola
10002912,Zola
10003001,Erwin
10003011,Erwin
10003012,Erwin
10003101,https://img.game8.jp/3710483/ae4eb9a4b2e81798e9e0fcd7e1508bf5.png/show
10003111,Barnabas
10003112,Barnabas
10003200,https://img.game8.jp/3710423/80afad525a9fb8724df7dd9e1cef168e.png/show
10003210,Tanya
10003212,Tanya (C)
10003301,https://img.game8.jp/3710380/afe297ebea489c26f019a5dc0f7478ff.png/show
10003311,Wolf
10003312,Wolf
10003401,https://img.game8.jp/3710380/afe297ebea489c26f019a5dc0f7478ff.png/show
10003411,Gerda
10003412,Gerda
10003501,https://img.game8.jp/3710523/a3320419353fdbe1a07d7be3805634dc.png/show
10003511,Hermina
10003512,Hermina
10003602,https://img.game8.jp/3710500/2b6dfd94274b10ae666d2fd4bed80380.png/show
10003611,Melissa
10003612,Melissa
10003701,https://img.game8.jp/3710372/c5ede4604c7e920808036d87ce6b4de5.png/show
10003711,Emil
10003712,Emil
10003800,https://img.game8.jp/3710388/87e2f8f3c09681f5599b6949ea3d6d3b.png/show
10003811,Quna
10003812,Quna
10003902,https://img.game8.jp/3710458/d31709877fdf2d63fcf21b87e6f037f0.png/show
10003911,Tsubakuro
10003912,Tsubakuro
10004000,https://img.game8.jp/3710410/491c3a5ef6cbfb739c4ca457bc03e1b9.png/show
10004011,Gene
10004012,Gene
10004101,https://img.game8.jp/3710406/a2233f65b39a4bbfb129eada38313952.png/show
10004111,Siegmund
10004112,Siegmund
10004202,https://img.game8.jp/3710472/04a00d4ac027f8c25e84a7b8e2913234.png/show
10004211,Messala
10004212,Messala
10004302,https://img.game8.jp/3710430/6de4495f0cf557c668af769951bbe64a.png/show
10004311,Torbjorn
10004312,Torbjorn
10004402,https://img.game8.jp/3710362/8878e72321972a110317183cd9d7b3f8.png/show
10004411,Kibaki
10004412,Kibaki
10004500,https://img.game8.jp/3710344/8ae90f725754d64f524efff7bfb6ddf3.png/show
10004510,Astraea
10004512,Astraea (C)
10004601,https://img.game8.jp/3710352/224b640a931afac09eb12df4941569b7.png/show
10004611,Kyra
10004612,Kyra
10004701,https://img.game8.jp/3710463/c986a2615a4b1a7a238becea4e63c959.png/show
10004711,Totonotto
10004712,Totonotto
10004802,https://img.game8.jp/3710526/3a77223a2dab56f5e5661356324126b0.png/show
10004811,Melder
10004812,Melder
10004901,https://img.game8.jp/3710524/f383947ca4141089affa332425f1bc03.png/show
10004911,Roxanne
10004912,Roxanne
10005000,https://img.game8.jp/3710491/bbb20e8edb4a24477c07ddd16f8a83b6.png/show
10005010,Lillimo
10005011,Lillimo (L)
10005102,Theatre
10005111,Theatre
10005112,Theatre
10005200,https://img.game8.jp/3710539/3ad78929bc7df4c7ef4e78575bc6ac7c.png/show
10005211,Logia
10005212,Logia
10005302,https://img.game8.jp/3710387/aceab49b52458910a6fc098e805a4b4f.png/show
10005311,Wyndis
10005312,Wyndis
10005501,https://img.game8.jp/3710434/014cdfd2954dfa57450567a26c493487.png/show
10005511,Sven
10005512,Sven
10005602,https://img.game8.jp/3710488/abd74894fdb51f2938a7dd852267d714.png/show
10005611,Lize
10005612,Lize
10005702,https://img.game8.jp/3710446/9c5047c9492fd342fecc49903d68bf1c.png/show
10005711,Nicole
10005712,Nicole
10005800,https://img.game8.jp/3795057/4c2a246052eeb8f546e21c0090e0ec5c.png/show
10005810,Canute
10005811,Canute (L)
10005900,https://img.game8.jp/3710413/cb1b1ff9e0c5074ea9d310954dcc601b.png/show
10005911,Shannon
10005912,Shannon
10006000,https://img.game8.jp/3795064/2ca45769beed3ec7da2a640ba29e42a9.png/show
10006010,Clemence
10006012,Clemence (C)
10006300,https://img.game8.jp/3918192/53aaa58ea5429dda4019fcb8cef05c9c.png/show
10006311,Mint
10006312,Mint
10006900,https://img.game8.jp/3710343/62136e9d21504aa9bb47774d242fdbff.png/show
10006910,Eren
10006912,Eren (C)
10007000,https://img.game8.jp/3710478/2c2a3a5f4ad7a874c4131b10d44de850.png/show
10007010,Levi
10007012,Levi (C)
10007100,https://img.game8.jp/3710513/454fa3d6e6f55f6ea65ff33739510404.png/show
10007110,Mikasa
10007112,Mikasa (C)
10007400,https://img.game8.jp/3710494/9535268e1806fe0744065eeeffae60fa.png/show
10007411,Luther
10007412,Luther
10007702,https://img.game8.jp/4016386/cf81d0ed1bb1f015369bd5da14624d4f.png/show
10007711,Lisa
10007712,Lisa
10007501,https://img.game8.jp/3710506/c3c55c4f54f5122850084dab32518a78.png/show
10007511,Matoi
10007512,Matoi
10007900,https://img.game8.jp/3795104/b871154197819c88df7ad512ab29c50c.png/show
10100701,https://img.game8.jp/3710525/373c179e203028442545b08820567bd4.png/show
10100711,Rosalinde [Christmas]
10100712,Rosalinde [Christmas]
10200201,https://img.game8.jp/3710464/b138628414f2a1e9ea9f21208c5e46cb.png/show
10200211,Stella [New Year]
10200212,Stella [New Year]
10400201,https://img.game8.jp/3710440/0f7ca2b7241c23e8908a930b639dd43f.png/show
10400211,Stella [Summer]
10400212,Stella [Summer]
10401200,https://img.game8.jp/3710514/2e0cf431fa5532c747f49754e17619a9.png/show
10401210,Phuramy [Summer]
10401212,Phuramy [Summer] (C)
10405302,https://img.game8.jp/3710376/5b43c130d1e0bcfec134c1a19cebeb63.png/show
10405311,Wyndis [Summer]
10405312,Wyndis [Summer]
10601902,https://img.game8.jp/3710367/f010f58260b977bbef52b75077e630b7.png/show
10601911,Karin [Halloween]
10601912,Karin [Halloween]
10703401,https://img.game8.jp/3846938/7189504cd5c3e2347d448feb945e3040.png/show
10703411,Gerda [Christmas]
10703412,Gerda [Christmas]
10800201,https://img.game8.jp/3918168/f5c6cd7ef73b1af1c47d81e26674d53d.png/show
10800211,Stella [Memories]
10800212,Stella [Memories]
10800701,https://img.game8.jp/3873159/cdd0eeaf917b1177bd014e1f19a07475.png/show
10800711,Rosalinde [New Year]
10800712,Rosalinde [New Year]
19100201,https://img.game8.jp/3710416/bb64ef9fd35c9ed3fe972b152cd2ac33.png/show
19100211,Stella [EX]
19100212,Stella [EX]
19101702,Abeille [EX]
19101711,Abeille [EX]
19101712,Abeille [EX]
19101802,https://img.game8.jp/3946439/3545efb56b609e17b36f4e378f72bfdb.png/show
19101811,Jasper [EX]
19101812,Jasper [EX]
19102201,https://img.game8.jp/4016312/eabab7a79c04db31a23472644c238f1c.png/show
19102211,Tyrol [EX]
19102212,Tyrol [EX]
19104402,https://img.game8.jp/3710389/21afead5022e4a82cc8f6b8568fd0680.png/show
19104411,Kibaki [EX]
19104412,Kibaki [EX]
19104500,https://img.game8.jp/3710351/8e26f4bd3417c3758cd63b14d8b539ee.png/show
19104510,https://img.game8.jp/3710386/9d5166e85e190fc5d7568ab2003d7edd.png/show
19104512,https://img.game8.jp/3710358/8fd8f1241f41050fa8712fcde4a97469.png/show
19105302,https://img.game8.jp/3795095/693fbfb3a324a74ca5f1cc643f1996b8.png/show
19105311,Wyndis [EX]
19105312,Wyndis [EX]
19105602,https://img.game8.jp/4007174/7733de1d982900c36084e5c7b922140b.png/show
19105611,Lize [EX]
19105612,Lize [EX]